"Variable","Correlation"
"BelowPovertyLine",0.850316614661775
"Obesity",0.826046301680976
"MedianHouseholdIncome",-0.762127254756652
"MentalHealthCrises",0.57221632643012
"FoodAccess",-0.474903382177811
"RentBurdened",0.346440718615832
"HighSchoolGradRate",-0.242380084281157
"PercentUninsured",-0.205651540656565
"UnemploymentRate",-0.200442371300228
"PercentHispanic",-0.168794231590867
"ClinicAccess",-0.113043937174169
"PercentBlack",-0.085330872256128
