"Variable","Correlation"
"MedianHouseholdIncome",-0.798906333240258
"BelowPovertyLine",0.6763466716809
"Obesity",0.599311743676526
"Diabetes",0.57221632643012
"HighSchoolGradRate",-0.510555782883164
"UnemploymentRate",-0.468617085717161
"PercentUninsured",-0.467733610983075
"PercentHispanic",-0.426945860805229
"FoodAccess",-0.384557321033135
"PercentBlack",-0.376924773901228
"ClinicAccess",-0.353840844244778
"RentBurdened",0.127767285454184
